supplier_id,supplier_name,supplier_phone,supplier_email
1,"Rodriguez, Figueroa and Sanchez",(181)960-0133,hoffmanjennifer@gardner.com
2,Wolfe LLC,235-116-1559x407,dudleynicholas@carter.com
3,"Lee, Jones and Stanley",001-413-164-7525x53419,amandasanchez@gray-mayo.net
4,Cohen Inc,056.413.9537,pwilkerson@thomas-taylor.net
5,"Baker, Richards and Hurst",(532)871-0122x6916,dcarlson@king.com
6,"Dyer, Potter and Mack",146-270-4828x14893,nathanielmartin@sellers.com
7,Koch-Decker,303-911-7182x2782,allison96@hickman.com
8,"Collins, Carney and Santos",871.331.5098x393,jonescrystal@jones.com
9,Palmer LLC,+1-738-299-7376x31165,ujenkins@nunez.com
10,Powell LLC,333-872-6247,nancyjones@garcia.com
11,House and Sons,(677)360-2606,sara74@horton-cross.net
12,"Higgins, Moore and Phillips",9805009788,brianromero@jones.com
13,Wilson-Zamora,990.916.9985,james53@foster-powers.com
14,Stewart-Walton,079-911-8384,sarahibarra@wood.info
15,"Warner, Carr and Archer",+1-808-412-4118x2449,jenniferharris@farrell.com
16,Walters LLC,0524278680,jonesnicole@gardner.org
17,"Hernandez, Anderson and Parker",5331586923,theresacochran@johnson-doyle.com
18,Pham-Shields,421.607.3375,lori33@keller.com
19,Lin-Rasmussen,586-850-1429x401,yreed@graham-joyce.com
20,Lam-Lee,6088356159,elizabeth14@parker.com
21,"Martinez, Fisher and Bentley",+1-299-468-0443x69957,nramos@kennedy.com
22,"Miller, Robertson and Schultz",134-332-0037x91769,jennifercruz@sanchez-douglas.com
23,Osborne and Sons,(870)831-7278,stephanie79@mcclain.info
24,Manning Group,434.873.4714x345,patricia12@hall.com
25,"Lewis, Perry and Rivera",603.669.0967x054,acastaneda@adkins.com
26,Robinson-Graham,6562729806,millerroy@white-green.com
27,Gibson LLC,001-646-417-0805x31003,maryhowell@martinez.com
28,"Gould, Marshall and Scott",(299)124-1904x966,charlesvaughn@sanchez.org
29,Hogan PLC,5865185067,hamiltonmichael@zimmerman-graham.net
30,"Nelson, Morton and Medina",769.453.1473x7996,anthony52@lewis-salinas.com
31,Beard-Haynes,808-313-6783x777,davisjeffrey@sanchez.net
32,"Cooper, Barajas and Pierce",(744)431-3518x233,lhill@carlson.com
33,Ward LLC,8240084271,andrewstaylor@peterson-sheppard.com
34,Wilson-Jones,190.229.4131x8699,kimberlyjames@evans-chapman.biz
35,Carroll-Brown,001-133-412-3281x2067,ocarter@mann-warner.info
36,Mcdaniel LLC,+1-936-183-2421x0249,scott74@powell.info
37,George Group,001-594-013-9904x9027,lmoon@graham.info
38,Ortiz-Morris,256-746-8071,johnny16@bryan.info
39,Brown-Stone,+1-770-348-2477x109,jennifercollins@tran.com
40,Murray Inc,+1-274-846-7737x8263,michellehill@morgan-french.com
41,Campbell LLC,001-972-787-5588,ugibson@pollard.org
42,Hall-Rowe,5766270289,molly71@lozano.com
43,Harrison LLC,961-586-5780x91343,hamiltoncorey@padilla.com
44,Williams Inc,556-238-6922x2196,tyleraguilar@murray.info
45,Estrada-Nolan,482.175.9464x743,gcastaneda@james.org
46,Haney-Phillips,+1-640-909-7439x53394,courtneyberger@williams.com
47,"Anderson, Browning and Murphy",(232)858-8424x74517,taylortammy@ramsey.net
48,Davis-Foster,817-549-6513x709,rose31@colon.biz
49,Taylor Inc,711-382-6758x6926,basschristina@johnson-wood.info
50,Sampson-Foley,585-064-3171,darleneharper@williams.com
